From,URL,Summary,RSS Feed
Morning Brew,http://988lifeline.org/,"At the 988 Suicide & Crisis Lifeline, we understand that life’s challenges can sometimes be difficult. Whether you’re facing mental health struggles, emotional distress, alcohol or drug use concerns…",No RSS feed found
Morning Brew,http://twitter.com/,No description found,No RSS feed found
Morning Brew,http://www.linkedin.com/,"1 billion members | Manage your professional identity. Build and engage with your professional network. Access knowledge, insights and opportunities.",No RSS feed found
Morning Brew,https://abcnews.go.com/,"Your trusted source for breaking news, analysis, exclusive interviews, headlines, and videos at ABCNews.com",No RSS feed found
Morning Brew,https://apnews.com/,"Read the latest headlines, breaking news, and videos at APNews.com, the definitive source for independent journalism from every corner of the globe.",https://apnews.com/index.rss
Morning Brew,https://deepsky.ai/,All your info in one place.,No RSS feed found
Morning Brew,https://finance.yahoo.com/,"At Yahoo Finance, you get free stock quotes, up-to-date news, portfolio management resources, international market data, social interaction and mortgage rates that help you manage your financial life.",https://finance.yahoo.com/rss/
Morning Brew,https://findahelpline.com/,"Global vetted directory of helplines, hotlines and crisis lines. Chat, text or phone support with suicide, anxiety, depression, domestic violence, gender& sexual identity and more.",No RSS feed found
Morning Brew,https://go.skimresources.com/,Unable to fetch site,No RSS feed found
Morning Brew,https://heloc-eligibility.secure-clix.com/,"Get Access to Your Home Equity. Consolidate high-interest debt, upgrade your home, and access cash for important milestones like college or retirement.",No RSS feed found
Morning Brew,https://media0.giphy.com/,Unable to fetch site,No RSS feed found
Morning Brew,https://morningbrewdaily.typeform.com/,"Build beautiful, interactive forms â get more responses. No coding needed. Templates for quizzes, research, feedback, lead generation, and more. Sign up FREE.",No RSS feed found
Morning Brew,https://morningbrewinc.com/,"Learn about advertising with Morning Brew Inc. Contact us to find out how you can reach the most engaged audiences through products like branded content, podcast ads, and social media campaigns.",No RSS feed found
Morning Brew,https://newsletter.bossyshow.com/,"Go behind the scenes of every Bossy episode with weekly show notes: the hot tips, tricks, and resources discussed on-air.",No RSS feed found
Morning Brew,https://newsletter.moneywithkatie.com/,"Sign up for the weekly newsletter filled with a spicy approach to spending habits, investing best practices, and tax strategies",No RSS feed found
Morning Brew,https://openai.com/,Unable to fetch site,No RSS feed found
Morning Brew,https://shop.morningbrew.com/,"Your destination for everything Morning Brew. Apparel, accessories, mugs, and more!",No RSS feed found
Morning Brew,https://srv.buysellads.com/,No description found,No RSS feed found
Morning Brew,https://tmobile.prf.hn/,Unable to fetch site,No RSS feed found
Morning Brew,https://twitter.com/,No description found,No RSS feed found
Morning Brew,https://variety.com/,"Entertainment news, film reviews, awards, film festivals, box office, entertainment industry conferences",https://variety.com/feed/
Morning Brew,https://www.billboard.com/,"Music Charts, News, Photos & Video",https://www.billboard.com/feed/
Morning Brew,https://www.bloomberg.com/,"Bloomberg delivers business and markets news, data, analysis, and video to the world, featuring stories from Businessweek and Bloomberg News",No RSS feed found
Morning Brew,https://www.cbsnews.com/,"CBS News offers breaking news coverage of today's top headlines. Stay informed on the biggest new stories with our balanced, trustworthy reporting.",https://www.cbsnews.com/latest/rss/main
Morning Brew,https://www.cfobrew.com/,"CFO Brew helps finance pros navigate their roles with insights into risk management, compliance, and strategy through our newsletter, virtual events, and digital guides.",https://www.cfobrew.com/feed.xml
Morning Brew,https://www.cnbc.com/,"CNBC is the world leader in business news and real-time financial market coverage. Find fast, actionable information.",https://www.cnbc.com/feed/
Morning Brew,https://www.facebook.com/,"Log into Facebook to start sharing and connecting with your friends, family, and people you know.",No RSS feed found
Morning Brew,https://www.finance.yahoo.com/,"At Yahoo Finance, you get free stock quotes, up-to-date news, portfolio management resources, international market data, social interaction and mortgage rates that help you manage your financial life.",No RSS feed found
Morning Brew,https://www.healthcare-brew.com/,"Healthcare Brew covers pharmaceutical developments, health startups, the latest tech, and how it impacts hospitals and providers to keep administrators and providers informed.",https://www.healthcare-brew.com/feed.xml
Morning Brew,https://www.hollywoodreporter.com/,"Movie news, TV news, awards news, lifestyle news, business news and more from The Hollywood Reporter.",https://www.hollywoodreporter.com/feed/
Morning Brew,https://www.hr-brew.com/,"From recruiting and retention to company culture and the latest in HR tech, HR Brew delivers up-to-date industry news and tips to help HR pros stay nimble in today’s fast-changing business environment.",https://www.hr-brew.com/feed.xml
Morning Brew,https://www.instagram.com/,Create an account or log in to Instagram - Share what you're into with the people who get you.,No RSS feed found
Morning Brew,https://www.itbrew.com/,"From cybersecurity and big data to cloud computing, IT Brew covers the latest trends shaping business tech in our 4x weekly newsletter, virtual events with industry experts, and digital guides.",https://www.itbrew.com/feed.xml
Morning Brew,https://www.linkedin.com/,"1 billion members | Manage your professional identity. Build and engage with your professional network. Access knowledge, insights and opportunities.",No RSS feed found
Morning Brew,https://www.marketingbrew.com/,"Marketing Brew informs marketing pros of the latest on brand strategy, social media, and ad tech via our weekday newsletter, virtual events, marketing conferences, and digital guides.",https://www.marketingbrew.com/feed.xml
Morning Brew,https://www.marketingdive.com/,"Marketing Dive provides in-depth journalism covering the most impactful news shaping the marketing industry. We cover topics like social media, video marketing, mobile, data and analytics, technology, and more.",https://www.marketingdive.com/feeds/news/
Morning Brew,https://www.morningbrew.com/,Morning Brew delivers quick and insightful updates about the business world every day of the week from Wall St. to Silicon Valley.,https://www.morningbrew.com/feed.xml
Morning Brew,https://www.nbcnews.com/,"Go to NBCNews.com for breaking news, videos, and the latest top stories in world news, business, politics, health and pop culture.",No RSS feed found
Morning Brew,https://www.politico.com/,Unable to fetch site,No RSS feed found
Morning Brew,https://www.retailbrew.com/,"Retail Brew delivers the latest retail industry news and insights surrounding marketing, DTC, and e-commerce to keep leaders and decision-makers up to date.",https://www.retailbrew.com/feed.xml
Morning Brew,https://www.revenuebrew.com/,Revenue Brew,https://www.revenuebrew.com/feed.xml
Morning Brew,https://www.rollingstone.com/,"Music, Film, TV and Political News Coverage",https://www.rollingstone.com/feed/
Morning Brew,https://www.thecity.nyc/,"THE CITY is a local independent newsroom covering breaking news, investigative and service journalism in New York City.",https://www.thecity.nyc/feed/
Morning Brew,https://www.theplaybookmb.com/,Boost your investment game with expert real estate insights. We'll keep you up to date on everything you need to know to be the smartest real estate investor you can be.,https://www.theplaybookmb.com/feed.xml
Morning Brew,https://www.theverge.com/,"The Verge is about technology and how it makes us feel. Founded in 2011, we offer our audience everything from breaking news to reviews to award-winning features and investigations, on our site, in video, and in podcasts.",https://www.theverge.com/rss/index.xml
Morning Brew,https://www.tiktok.com/,TikTok - Make Your Day,No RSS feed found
Morning Brew,https://www.visualcapitalist.com/,Unable to fetch site,https://www.visualcapitalist.com/feed/
Morning Brew,https://www.youtube.com/,"Enjoy the videos and music you love, upload original content, and share it all with friends, family, and the world on YouTube.",No RSS feed found
